path,blob_oid,classification,copyright_holder,source,upstream_license,relicense_status,evidence
.github/workflows/desktop-installers.yml,0c47e57eea4da2fa8eb3880be6b3ff6f407f806c,evidence-required,not-established,repository-baseline:100644:945439f346a291722f8f0883e3c3c789d3c0463c,not-established,not-authorized,review-required
.github/workflows/mobile-android.yml,74ecbdc2e81c8fc0df587f557f9a01fd3ac9158b,evidence-required,not-established,repository-baseline:100644:945439f346a291722f8f0883e3c3c789d3c0463c,not-established,not-authorized,review-required
.gitignore,e977ba6246fba020dda9d2573de14b62d432d4ab,evidence-required,not-established,repository-baseline:100644:945439f346a291722f8f0883e3c3c789d3c0463c,not-established,not-authorized,review-required
LICENSE,be3f7b28e564e7dd05eaf59d64adba1a4065ac0e,evidence-required,not-established,repository-baseline:100644:945439f346a291722f8f0883e3c3c789d3c0463c,not-established,not-authorized,review-required
README.md,6c7b2f1bb78ca7ffd9b629e96513341b88dfb5ee,evidence-required,not-established,repository-baseline:100644:945439f346a291722f8f0883e3c3c789d3c0463c,not-established,not-authorized,review-required
deploy/.env.example,65b5fc5b0f0a3ba13c484342bd3aee440790c577,evidence-required,not-established,repository-baseline:100644:945439f346a291722f8f0883e3c3c789d3c0463c,not-established,not-authorized,review-required
deploy/Caddyfile,a3a2ab689062eb62f426f278eb74c0cff217bfdf,evidence-required,not-established,repository-baseline:100644:945439f346a291722f8f0883e3c3c789d3c0463c,not-established,not-authorized,review-required
deploy/dev/.env.example,0e1d857ba25f73b99fed8730a45906a3b40e4903,evidence-required,not-established,repository-baseline:100644:945439f346a291722f8f0883e3c3c789d3c0463c,not-established,not-authorized,review-required
deploy/dev/.gitignore,81e7df0423eaafe5aed13a7268840c481e892881,evidence-required,not-established,repository-baseline:100644:945439f346a291722f8f0883e3c3c789d3c0463c,not-established,not-authorized,review-required
deploy/dev/compose.yml,573b4b5fa444d172d143dfbd7e8f978b056a0eee,evidence-required,not-established,repository-baseline:100644:945439f346a291722f8f0883e3c3c789d3c0463c,not-established,not-authorized,review-required
deploy/dev/up.sh,c8c433682c80d32ce40d0d6eab85a5b66e299bd3,evidence-required,not-established,repository-baseline:100755:945439f346a291722f8f0883e3c3c789d3c0463c,not-established,not-authorized,review-required
deploy/docker-compose.yml,eac04ae871037a16d4c4da669e8938db68549961,evidence-required,not-established,repository-baseline:100644:945439f346a291722f8f0883e3c3c789d3c0463c,not-established,not-authorized,review-required
deploy/prod/.env.template,c3bceeb30857f08815e81eb2d6f5ad2086aade54,evidence-required,not-established,repository-baseline:100644:945439f346a291722f8f0883e3c3c789d3c0463c,not-established,not-authorized,review-required
deploy/prod/Dockerfile.dsh,ac44ec37efdd9873a63a167d46261dffb8a199ee,evidence-required,not-established,repository-baseline:100644:945439f346a291722f8f0883e3c3c789d3c0463c,not-established,not-authorized,review-required
deploy/prod/backup-db.sh,77eb5adcc6e41be98b4647bbbbc5f63c077efc65,evidence-required,not-established,repository-baseline:100755:945439f346a291722f8f0883e3c3c789d3c0463c,not-established,not-authorized,review-required
deploy/prod/backup-workspaces.sh,4e2f42ca13558b226da06b608314eca8765044a9,evidence-required,not-established,repository-baseline:100755:945439f346a291722f8f0883e3c3c789d3c0463c,not-established,not-authorized,review-required
deploy/prod/compose.yml,82a9c5bf397139f00002a572bafac04f3ca67a7b,evidence-required,not-established,repository-baseline:100644:945439f346a291722f8f0883e3c3c789d3c0463c,not-established,not-authorized,review-required
deploy/prod/cutover.sh,7c1d923da05363903c511a18ee405fd7a3ac9041,evidence-required,not-established,repository-baseline:100644:945439f346a291722f8f0883e3c3c789d3c0463c,not-established,not-authorized,review-required
deploy/prod/migrate-in.sh,07423e721b6135198d14703eeda8fc489f7122b2,evidence-required,not-established,repository-baseline:100755:945439f346a291722f8f0883e3c3c789d3c0463c,not-established,not-authorized,review-required
deploy/prod/migrate-out.sh,d4d93c5f3d0e0c38173982cd512843c3ba131615,evidence-required,not-established,repository-baseline:100755:945439f346a291722f8f0883e3c3c789d3c0463c,not-established,not-authorized,review-required
deploy/prod/migrate-volumes-to-nas.sh,d7afa43599d9d32c75566edd3014aae7dd210f2a,evidence-required,not-established,repository-baseline:100755:945439f346a291722f8f0883e3c3c789d3c0463c,not-established,not-authorized,review-required
deploy/prod/publish-installers.sh,328cc0624dc79a33069b5ea9fe1bc8946ce06f44,evidence-required,not-established,repository-baseline:100644:945439f346a291722f8f0883e3c3c789d3c0463c,not-established,not-authorized,review-required
deploy/prod/publish-r2.sh,07529e6e47124de8cafb7b4b9dbc4836bc2c4fc9,evidence-required,not-established,repository-baseline:100755:945439f346a291722f8f0883e3c3c789d3c0463c,not-established,not-authorized,review-required
deploy/selfhost/.env.example,adc9162eb37c1e54e59ea611e1f75e7210385f87,evidence-required,not-established,repository-baseline:100644:945439f346a291722f8f0883e3c3c789d3c0463c,not-established,not-authorized,review-required
deploy/selfhost/Caddyfile,a08a7f43c181dd421d35f01b8418e7e99eddeae1,evidence-required,not-established,repository-baseline:100644:945439f346a291722f8f0883e3c3c789d3c0463c,not-established,not-authorized,review-required
deploy/selfhost/README.md,49a4c6f19c83510b93b359e0c7721e405ff7b1a2,evidence-required,not-established,repository-baseline:100644:945439f346a291722f8f0883e3c3c789d3c0463c,not-established,not-authorized,review-required
deploy/selfhost/docker-compose.yml,0f76c3501a15759bcea76bdd9b100abebea5c4d3,evidence-required,not-established,repository-baseline:100644:945439f346a291722f8f0883e3c3c789d3c0463c,not-established,not-authorized,review-required
desktop/dsh-plugin-cloud/assets/login-preload.cjs,f6bc9b9dbd11d0c0406535c170520a8af12ae25d,evidence-required,not-established,repository-baseline:100644:945439f346a291722f8f0883e3c3c789d3c0463c,not-established,not-authorized,review-required
desktop/dsh-plugin-cloud/assets/login.html,2d925d32ca795528f0ce6259ba9c522a7a3c5e98,evidence-required,not-established,repository-baseline:100644:945439f346a291722f8f0883e3c3c789d3c0463c,not-established,not-authorized,review-required
desktop/dsh-plugin-cloud/src/api.ts,e63a72c985e299445d3340d88b77618b993d946f,evidence-required,not-established,repository-baseline:100644:945439f346a291722f8f0883e3c3c789d3c0463c,not-established,not-authorized,review-required
desktop/dsh-plugin-cloud/src/auth-store.ts,b7e8b5c1bbe0284ea8c0135314babd4a79599425,evidence-required,not-established,repository-baseline:100644:945439f346a291722f8f0883e3c3c789d3c0463c,not-established,not-authorized,review-required
desktop/dsh-plugin-cloud/src/config.ts,1d5e8fc9de0b0733ed56aea993325b5b0e6ef0ab,evidence-required,not-established,repository-baseline:100644:945439f346a291722f8f0883e3c3c789d3c0463c,not-established,not-authorized,review-required
desktop/dsh-plugin-cloud/src/index.ts,eabab995a6a595aff49bae11fbff3b7feefcf4c1,evidence-required,not-established,repository-baseline:100644:945439f346a291722f8f0883e3c3c789d3c0463c,not-established,not-authorized,review-required
desktop/dsh-plugin-cloud/src/login-window.ts,97fa4133a6382ddac51a4d8f8db8d890629b63a4,evidence-required,not-established,repository-baseline:100644:945439f346a291722f8f0883e3c3c789d3c0463c,not-established,not-authorized,review-required
desktop/entitlements.plist,e178aa0df28161f5be7ce72cd1870613de5c5c28,evidence-required,not-established,repository-baseline:100644:945439f346a291722f8f0883e3c3c789d3c0463c,not-established,not-authorized,review-required
desktop/patches/0001-branding.patch,fb7ec50d850a2d76cd3b1fab2aedc3116a0b2fa1,evidence-required,not-established,repository-baseline:100644:945439f346a291722f8f0883e3c3c789d3c0463c,not-established,not-authorized,review-required
desktop/patches/0002-update-endpoints.patch,329a69b9d49511bcbb52fac97bd1270bc4c56eb3,evidence-required,not-established,repository-baseline:100644:945439f346a291722f8f0883e3c3c789d3c0463c,not-established,not-authorized,review-required
desktop/patches/0003-cloud-gate.patch,51f620ebd41ea8c39cc0161417d14d01a4a24187,evidence-required,not-established,repository-baseline:100644:945439f346a291722f8f0883e3c3c789d3c0463c,not-established,not-authorized,review-required
desktop/scripts/assemble.mjs,3fb96bbbdf843fd0920d8afff59307b855197a93,evidence-required,not-established,repository-baseline:100644:945439f346a291722f8f0883e3c3c789d3c0463c,not-established,not-authorized,review-required
desktop/scripts/build-win.sh,af1d71f0d144ad20f0e7b867b67c90e75d8093e7,evidence-required,not-established,repository-baseline:100755:945439f346a291722f8f0883e3c3c789d3c0463c,not-established,not-authorized,review-required
desktop/scripts/bump-upstream.mjs,d49363eee41467371d0cebe9e6761a9f5bc4f7f0,evidence-required,not-established,repository-baseline:100644:945439f346a291722f8f0883e3c3c789d3c0463c,not-established,not-authorized,review-required
desktop/scripts/sign-mac.sh,3f8692f1cf1160a53a652cf55febc5f3724d56b5,evidence-required,not-established,repository-baseline:100755:945439f346a291722f8f0883e3c3c789d3c0463c,not-established,not-authorized,review-required
desktop/scripts/sign-win.sh,2e3e34308b62ac0711174617a67b2bc4a85a5aab,evidence-required,not-established,repository-baseline:100755:945439f346a291722f8f0883e3c3c789d3c0463c,not-established,not-authorized,review-required
desktop/scripts/verify-contract.mjs,a53e72a23b33ad7a846b7d4b37f1e6083434ba08,evidence-required,not-established,repository-baseline:100644:945439f346a291722f8f0883e3c3c789d3c0463c,not-established,not-authorized,review-required
desktop/scripts/verify-mac-signature.mjs,f6190040495fdae972f5d65f25473a986e1d3732,evidence-required,not-established,repository-baseline:100755:945439f346a291722f8f0883e3c3c789d3c0463c,not-established,not-authorized,review-required
desktop/scripts/verify-package.mjs,af99554a4adb1262120971c19a8e4925468de546,evidence-required,not-established,repository-baseline:100644:945439f346a291722f8f0883e3c3c789d3c0463c,not-established,not-authorized,review-required
desktop/scripts/wrap-signed-dmg.sh,5d56331231e61fa64a7a36fd781ec1c515d51d35,evidence-required,not-established,repository-baseline:100755:945439f346a291722f8f0883e3c3c789d3c0463c,not-established,not-authorized,review-required
desktop/upstream.json,5cfee1331ea44dfcb6e9699706961c2afcae8e49,evidence-required,not-established,repository-baseline:100644:945439f346a291722f8f0883e3c3c789d3c0463c,not-established,not-authorized,review-required
docs/architecture.md,d98e6cedcb9723edf5dc02c5e38db1aa7d8c39ea,evidence-required,not-established,repository-baseline:100644:945439f346a291722f8f0883e3c3c789d3c0463c,not-established,not-authorized,review-required
docs/compatibility.md,9358786237f2537ba7b8b24525b1ad995f4a6318,evidence-required,not-established,repository-baseline:100644:945439f346a291722f8f0883e3c3c789d3c0463c,not-established,not-authorized,review-required
docs/deploy.md,1f5876a642ad45b9d02a0544c6eced7342179e6f,evidence-required,not-established,repository-baseline:100644:945439f346a291722f8f0883e3c3c789d3c0463c,not-established,not-authorized,review-required
docs/workspace-scaling.md,3d61ea4f8739bc45bc8bc88f1ef80d39e43b885a,evidence-required,not-established,repository-baseline:100644:945439f346a291722f8f0883e3c3c789d3c0463c,not-established,not-authorized,review-required
legal/THIRD_PARTY_NOTICES.md,0362a428c6122ff5011b606d79b7a422732614cd,evidence-required,not-established,repository-baseline:100644:945439f346a291722f8f0883e3c3c789d3c0463c,not-established,not-authorized,review-required
legal/aup.en.md,d1282d36e7e051f7e0a6f03bb87dcbc408c1378f,evidence-required,not-established,repository-baseline:100644:945439f346a291722f8f0883e3c3c789d3c0463c,not-established,not-authorized,review-required
legal/aup.zh.md,a7bc104310199d037ae5552382a8d3ef1681079a,evidence-required,not-established,repository-baseline:100644:945439f346a291722f8f0883e3c3c789d3c0463c,not-established,not-authorized,review-required
legal/privacy.en.md,5e03a4af6a90cfe682dec078980117e8108c9c65,evidence-required,not-established,repository-baseline:100644:945439f346a291722f8f0883e3c3c789d3c0463c,not-established,not-authorized,review-required
legal/privacy.zh.md,d79ad6f9e6fb8ef48dba0460c1f28f83b7be006a,evidence-required,not-established,repository-baseline:100644:945439f346a291722f8f0883e3c3c789d3c0463c,not-established,not-authorized,review-required
legal/refund.en.md,575ba19cdeaa1f30efa5503eba99321ccc3a5cd5,evidence-required,not-established,repository-baseline:100644:945439f346a291722f8f0883e3c3c789d3c0463c,not-established,not-authorized,review-required
legal/refund.zh.md,7e715b3ac95bb826aa457a90be6ed9d74729b99c,evidence-required,not-established,repository-baseline:100644:945439f346a291722f8f0883e3c3c789d3c0463c,not-established,not-authorized,review-required
legal/terms.en.md,a0d4f23f654ade2528da9f58f9187cda5186a8c2,evidence-required,not-established,repository-baseline:100644:945439f346a291722f8f0883e3c3c789d3c0463c,not-established,not-authorized,review-required
legal/terms.zh.md,724e1402acecaaede8063eccd06a21d8082fca13,evidence-required,not-established,repository-baseline:100644:945439f346a291722f8f0883e3c3c789d3c0463c,not-established,not-authorized,review-required
miniprogram/README.md,99a7b56e3e72f905dc930b6c7e1e75c27fbf3f99,evidence-required,not-established,repository-baseline:100644:945439f346a291722f8f0883e3c3c789d3c0463c,not-established,not-authorized,review-required
miniprogram/app.js,69d26673597a7287f878e1e35dfc18132cfe2cb1,evidence-required,not-established,repository-baseline:100644:945439f346a291722f8f0883e3c3c789d3c0463c,not-established,not-authorized,review-required
miniprogram/app.json,055cc72449352c3a5edb79b870f5020fa624d0fd,evidence-required,not-established,repository-baseline:100644:945439f346a291722f8f0883e3c3c789d3c0463c,not-established,not-authorized,review-required
miniprogram/app.wxss,2a3f641959b6d972c989731fbc8bd09441ce899c,evidence-required,not-established,repository-baseline:100644:945439f346a291722f8f0883e3c3c789d3c0463c,not-established,not-authorized,review-required
miniprogram/pages/about/about.js,471d5eb99c4cc78b193ef0ef0ca3cd256d49186b,evidence-required,not-established,repository-baseline:100644:945439f346a291722f8f0883e3c3c789d3c0463c,not-established,not-authorized,review-required
miniprogram/pages/about/about.json,983b495a20ae1566e8d641ea7a1e1d8be9e04d84,evidence-required,not-established,repository-baseline:100644:945439f346a291722f8f0883e3c3c789d3c0463c,not-established,not-authorized,review-required
miniprogram/pages/about/about.wxml,02b6d22258474fcc579d3b37dfcdc58c9b169bec,evidence-required,not-established,repository-baseline:100644:945439f346a291722f8f0883e3c3c789d3c0463c,not-established,not-authorized,review-required
miniprogram/pages/about/about.wxss,26736186659e43d60850fc8858c011cdb74c8913,evidence-required,not-established,repository-baseline:100644:945439f346a291722f8f0883e3c3c789d3c0463c,not-established,not-authorized,review-required
miniprogram/pages/index/index.js,bcdce648de45bac37f1f5e5e31304d3f2d4ec757,evidence-required,not-established,repository-baseline:100644:945439f346a291722f8f0883e3c3c789d3c0463c,not-established,not-authorized,review-required
miniprogram/pages/index/index.json,220a73e33e1cecff45949712b084f258a843d83a,evidence-required,not-established,repository-baseline:100644:945439f346a291722f8f0883e3c3c789d3c0463c,not-established,not-authorized,review-required
miniprogram/pages/index/index.wxml,dad39e51e60c11d72b3bdfbeca0ac5ee12eb57db,evidence-required,not-established,repository-baseline:100644:945439f346a291722f8f0883e3c3c789d3c0463c,not-established,not-authorized,review-required
miniprogram/pages/index/index.wxss,8408a5be3a831b4f17a4a6ba5cb5b6c85a421404,evidence-required,not-established,repository-baseline:100644:945439f346a291722f8f0883e3c3c789d3c0463c,not-established,not-authorized,review-required
miniprogram/pages/webview/webview.js,a92dc6da205fcf0e28081a29581d966d7c6417b7,evidence-required,not-established,repository-baseline:100644:945439f346a291722f8f0883e3c3c789d3c0463c,not-established,not-authorized,review-required
miniprogram/pages/webview/webview.json,1c3f59c27b4ecccfca6b8bfef1eab22e901d8ef8,evidence-required,not-established,repository-baseline:100644:945439f346a291722f8f0883e3c3c789d3c0463c,not-established,not-authorized,review-required
miniprogram/pages/webview/webview.wxml,10d17f0287724f7fa0af936115ed0049e87db9a4,evidence-required,not-established,repository-baseline:100644:945439f346a291722f8f0883e3c3c789d3c0463c,not-established,not-authorized,review-required
miniprogram/pages/webview/webview.wxss,0c8b8fdb158587d22afceadc488664d9a9034b49,evidence-required,not-established,repository-baseline:100644:945439f346a291722f8f0883e3c3c789d3c0463c,not-established,not-authorized,review-required
miniprogram/project.config.json,ce0eb36c93b95fb5fe23096479ade5f8866b031b,evidence-required,not-established,repository-baseline:100644:945439f346a291722f8f0883e3c3c789d3c0463c,not-established,not-authorized,review-required
miniprogram/sitemap.json,83843959b7183f0b07f0425285c0c43b2aa06cce,evidence-required,not-established,repository-baseline:100644:945439f346a291722f8f0883e3c3c789d3c0463c,not-established,not-authorized,review-required
mobile/.gitignore,0f3a96b516c28532e8f29b92802def36b20af6c4,evidence-required,not-established,repository-baseline:100644:945439f346a291722f8f0883e3c3c789d3c0463c,not-established,not-authorized,review-required
mobile/README.md,dbdd222fd14b9d2f1820e6a15cfbb398c6eeb75c,evidence-required,not-established,repository-baseline:100644:945439f346a291722f8f0883e3c3c789d3c0463c,not-established,not-authorized,review-required
mobile/android/.gitignore,48354a3dfc4ad41c5c7af1451315d335cda7d611,evidence-required,not-established,repository-baseline:100644:945439f346a291722f8f0883e3c3c789d3c0463c,not-established,not-authorized,review-required
mobile/android/app/.gitignore,043df802a29f1f386a23cba600c84be8eee2a0c6,evidence-required,not-established,repository-baseline:100644:945439f346a291722f8f0883e3c3c789d3c0463c,not-established,not-authorized,review-required
mobile/android/app/build.gradle,bfbddf455a7534236bf733925d38ad316dd15c87,evidence-required,not-established,repository-baseline:100644:945439f346a291722f8f0883e3c3c789d3c0463c,not-established,not-authorized,review-required
mobile/android/app/capacitor.build.gradle,fdb4970c41fb603c82f2d24f4b46f307d8996605,evidence-required,not-established,repository-baseline:100644:945439f346a291722f8f0883e3c3c789d3c0463c,not-established,not-authorized,review-required
mobile/android/app/proguard-rules.pro,f1b424510da51fd82143bc74a0a801ae5a1e2fcd,evidence-required,not-established,repository-baseline:100644:945439f346a291722f8f0883e3c3c789d3c0463c,not-established,not-authorized,review-required
mobile/android/app/src/androidTest/java/com/getcapacitor/myapp/ExampleInstrumentedTest.java,f2c2217efa5a746f23ea722450a40fe0ca3db099,evidence-required,not-established,repository-baseline:100644:945439f346a291722f8f0883e3c3c789d3c0463c,not-established,not-authorized,review-required
mobile/android/app/src/main/AndroidManifest.xml,fc6704a6340e8a133c55378718b8dd3b1b9353df,evidence-required,not-established,repository-baseline:100644:945439f346a291722f8f0883e3c3c789d3c0463c,not-established,not-authorized,review-required
mobile/android/app/src/main/java/ai/agentsdance/dshcloud/app/MainActivity.java,b94a3232b7ed3905b57d3274e483ecc12bf3dcac,evidence-required,not-established,repository-baseline:100644:945439f346a291722f8f0883e3c3c789d3c0463c,not-established,not-authorized,review-required
mobile/android/app/src/main/res/drawable-land-hdpi/splash.png,e31573b4fc93e60d171f4046c0220e1463075d9e,evidence-required,not-established,repository-baseline:100644:945439f346a291722f8f0883e3c3c789d3c0463c,not-established,not-authorized,review-required
mobile/android/app/src/main/res/drawable-land-mdpi/splash.png,f7a64923ea1a0565d25fa139c176d6bf42184e48,evidence-required,not-established,repository-baseline:100644:945439f346a291722f8f0883e3c3c789d3c0463c,not-established,not-authorized,review-required
mobile/android/app/src/main/res/drawable-land-xhdpi/splash.png,807725501bdd92e94e51e7b2b0006f69e0083a0b,evidence-required,not-established,repository-baseline:100644:945439f346a291722f8f0883e3c3c789d3c0463c,not-established,not-authorized,review-required
mobile/android/app/src/main/res/drawable-land-xxhdpi/splash.png,14c6c8fe39fcd51a0414866ad28cbe8ff3acb060,evidence-required,not-established,repository-baseline:100644:945439f346a291722f8f0883e3c3c789d3c0463c,not-established,not-authorized,review-required
mobile/android/app/src/main/res/drawable-land-xxxhdpi/splash.png,244ca2506dbe0fd8f6a05520ac7d1a629ea81438,evidence-required,not-established,repository-baseline:100644:945439f346a291722f8f0883e3c3c789d3c0463c,not-established,not-authorized,review-required
mobile/android/app/src/main/res/drawable-port-hdpi/splash.png,74faaa583c8221c27a8cb822c3fbe218bafa3299,evidence-required,not-established,repository-baseline:100644:945439f346a291722f8f0883e3c3c789d3c0463c,not-established,not-authorized,review-required
mobile/android/app/src/main/res/drawable-port-mdpi/splash.png,e944f4ad4e1ca1c8cf9a87b366acc01c4e5c1616,evidence-required,not-established,repository-baseline:100644:945439f346a291722f8f0883e3c3c789d3c0463c,not-established,not-authorized,review-required
mobile/android/app/src/main/res/drawable-port-xhdpi/splash.png,564a82ff954aec267492467c0169a270c4e8fea9,evidence-required,not-established,repository-baseline:100644:945439f346a291722f8f0883e3c3c789d3c0463c,not-established,not-authorized,review-required
mobile/android/app/src/main/res/drawable-port-xxhdpi/splash.png,bfabe6871a17a5e95b78fb30d49b7d2b4d2fe4c0,evidence-required,not-established,repository-baseline:100644:945439f346a291722f8f0883e3c3c789d3c0463c,not-established,not-authorized,review-required
mobile/android/app/src/main/res/drawable-port-xxxhdpi/splash.png,6929071268eb03ee0f088142b6523566b78550e2,evidence-required,not-established,repository-baseline:100644:945439f346a291722f8f0883e3c3c789d3c0463c,not-established,not-authorized,review-required
mobile/android/app/src/main/res/drawable-v24/ic_launcher_foreground.xml,c7bd21dbd86990cde81fea8abd3bf904b4546749,evidence-required,not-established,repository-baseline:100644:945439f346a291722f8f0883e3c3c789d3c0463c,not-established,not-authorized,review-required
mobile/android/app/src/main/res/drawable/ic_launcher_background.xml,d5fccc538c179838bfdce779c26eebb4fa0b5ce9,evidence-required,not-established,repository-baseline:100644:945439f346a291722f8f0883e3c3c789d3c0463c,not-established,not-authorized,review-required
mobile/android/app/src/main/res/drawable/splash.png,f7a64923ea1a0565d25fa139c176d6bf42184e48,evidence-required,not-established,repository-baseline:100644:945439f346a291722f8f0883e3c3c789d3c0463c,not-established,not-authorized,review-required
mobile/android/app/src/main/res/layout/activity_main.xml,b5ad1387011da0894cc1d91f44f3bd77f5403f5d,evidence-required,not-established,repository-baseline:100644:945439f346a291722f8f0883e3c3c789d3c0463c,not-established,not-authorized,review-required
mobile/android/app/src/main/res/mipmap-anydpi-v26/ic_launcher.xml,4ae7d12378f3c5b43e746a42a941127ddd5b9dde,evidence-required,not-established,repository-baseline:100644:945439f346a291722f8f0883e3c3c789d3c0463c,not-established,not-authorized,review-required
mobile/android/app/src/main/res/mipmap-anydpi-v26/ic_launcher_round.xml,4ae7d12378f3c5b43e746a42a941127ddd5b9dde,evidence-required,not-established,repository-baseline:100644:945439f346a291722f8f0883e3c3c789d3c0463c,not-established,not-authorized,review-required
mobile/android/app/src/main/res/mipmap-hdpi/ic_launcher.png,129c2337c2d01dba867c9e2d6a7d68e3352fe0e7,evidence-required,not-established,repository-baseline:100644:945439f346a291722f8f0883e3c3c789d3c0463c,not-established,not-authorized,review-required
mobile/android/app/src/main/res/mipmap-hdpi/ic_launcher_background.png,89283c5b5c79509df74b315d2e83452fd36452ba,evidence-required,not-established,repository-baseline:100644:945439f346a291722f8f0883e3c3c789d3c0463c,not-established,not-authorized,review-required
mobile/android/app/src/main/res/mipmap-hdpi/ic_launcher_foreground.png,5eaf852c8df47ccae97c7903b21aa513fd1959c8,evidence-required,not-established,repository-baseline:100644:945439f346a291722f8f0883e3c3c789d3c0463c,not-established,not-authorized,review-required
mobile/android/app/src/main/res/mipmap-hdpi/ic_launcher_round.png,1c82b18c95f51dcda943708170b40cd0096ced40,evidence-required,not-established,repository-baseline:100644:945439f346a291722f8f0883e3c3c789d3c0463c,not-established,not-authorized,review-required
mobile/android/app/src/main/res/mipmap-mdpi/ic_launcher.png,815f24c790fad00f4937e29cdb98de7189977acb,evidence-required,not-established,repository-baseline:100644:945439f346a291722f8f0883e3c3c789d3c0463c,not-established,not-authorized,review-required
mobile/android/app/src/main/res/mipmap-mdpi/ic_launcher_background.png,88b21ad2b3b869fadaa571ffdf5015f01b232954,evidence-required,not-established,repository-baseline:100644:945439f346a291722f8f0883e3c3c789d3c0463c,not-established,not-authorized,review-required
mobile/android/app/src/main/res/mipmap-mdpi/ic_launcher_foreground.png,83a517a9b93097ec7e6e9e742fb49a293e42fa5d,evidence-required,not-established,repository-baseline:100644:945439f346a291722f8f0883e3c3c789d3c0463c,not-established,not-authorized,review-required
mobile/android/app/src/main/res/mipmap-mdpi/ic_launcher_round.png,ae4ba74882297b860bd4925888965b8b41234b11,evidence-required,not-established,repository-baseline:100644:945439f346a291722f8f0883e3c3c789d3c0463c,not-established,not-authorized,review-required
mobile/android/app/src/main/res/mipmap-xhdpi/ic_launcher.png,ad70e2bd9aafd34cd9bbcfc022e44fdfd6c2c0f6,evidence-required,not-established,repository-baseline:100644:945439f346a291722f8f0883e3c3c789d3c0463c,not-established,not-authorized,review-required
mobile/android/app/src/main/res/mipmap-xhdpi/ic_launcher_background.png,8e0dd2b17c6577e4158265cb3348ebccf61160ee,evidence-required,not-established,repository-baseline:100644:945439f346a291722f8f0883e3c3c789d3c0463c,not-established,not-authorized,review-required
mobile/android/app/src/main/res/mipmap-xhdpi/ic_launcher_foreground.png,ffcd25221ce9544584245619db74ff92b92db7dd,evidence-required,not-established,repository-baseline:100644:945439f346a291722f8f0883e3c3c789d3c0463c,not-established,not-authorized,review-required
mobile/android/app/src/main/res/mipmap-xhdpi/ic_launcher_round.png,15080d986f5ae4a00f58599c4a91b99b8d4a1348,evidence-required,not-established,repository-baseline:100644:945439f346a291722f8f0883e3c3c789d3c0463c,not-established,not-authorized,review-required
mobile/android/app/src/main/res/mipmap-xxhdpi/ic_launcher.png,6580b5f3f306e26c2f6a569c700346c5aaab1dd1,evidence-required,not-established,repository-baseline:100644:945439f346a291722f8f0883e3c3c789d3c0463c,not-established,not-authorized,review-required
mobile/android/app/src/main/res/mipmap-xxhdpi/ic_launcher_background.png,09e4a84cbb1e0301bb21d46480f225af0138a097,evidence-required,not-established,repository-baseline:100644:945439f346a291722f8f0883e3c3c789d3c0463c,not-established,not-authorized,review-required
mobile/android/app/src/main/res/mipmap-xxhdpi/ic_launcher_foreground.png,5f3baec1b4ea214c4406a2f16ce30fae84f8405c,evidence-required,not-established,repository-baseline:100644:945439f346a291722f8f0883e3c3c789d3c0463c,not-established,not-authorized,review-required
mobile/android/app/src/main/res/mipmap-xxhdpi/ic_launcher_round.png,26c4c99eea7d61ad5d1f8cd281c4602d39419b3f,evidence-required,not-established,repository-baseline:100644:945439f346a291722f8f0883e3c3c789d3c0463c,not-established,not-authorized,review-required
mobile/android/app/src/main/res/mipmap-xxxhdpi/ic_launcher.png,cd4fb863dce51b886d8d3b0c9bdfa1846024c0af,evidence-required,not-established,repository-baseline:100644:945439f346a291722f8f0883e3c3c789d3c0463c,not-established,not-authorized,review-required
mobile/android/app/src/main/res/mipmap-xxxhdpi/ic_launcher_background.png,06b1e88fb474b3e642456eac05724516fc246ede,evidence-required,not-established,repository-baseline:100644:945439f346a291722f8f0883e3c3c789d3c0463c,not-established,not-authorized,review-required
mobile/android/app/src/main/res/mipmap-xxxhdpi/ic_launcher_foreground.png,4274b10b1285619213969900c6300fb667e6b058,evidence-required,not-established,repository-baseline:100644:945439f346a291722f8f0883e3c3c789d3c0463c,not-established,not-authorized,review-required
mobile/android/app/src/main/res/mipmap-xxxhdpi/ic_launcher_round.png,2a2d501ba9cc4884ca4e479ee18aec7e5bfddd20,evidence-required,not-established,repository-baseline:100644:945439f346a291722f8f0883e3c3c789d3c0463c,not-established,not-authorized,review-required
mobile/android/app/src/main/res/values/ic_launcher_background.xml,c5d5899fdf0a1b144bf341b29e0c66ba50bbcedd,evidence-required,not-established,repository-baseline:100644:945439f346a291722f8f0883e3c3c789d3c0463c,not-established,not-authorized,review-required
mobile/android/app/src/main/res/values/strings.xml,e38cc31ca93b681d1bb3ea1d71e35bf96925bdba,evidence-required,not-established,repository-baseline:100644:945439f346a291722f8f0883e3c3c789d3c0463c,not-established,not-authorized,review-required
mobile/android/app/src/main/res/values/styles.xml,be874e54a4a64059503427dbefeabcee2989549d,evidence-required,not-established,repository-baseline:100644:945439f346a291722f8f0883e3c3c789d3c0463c,not-established,not-authorized,review-required
mobile/android/app/src/main/res/xml/file_paths.xml,bd0c4d80d0473953333d5adb0d38ac713d0d648b,evidence-required,not-established,repository-baseline:100644:945439f346a291722f8f0883e3c3c789d3c0463c,not-established,not-authorized,review-required
mobile/android/app/src/test/java/com/getcapacitor/myapp/ExampleUnitTest.java,0297327842dfa194b316aec9730bb3c7349b7282,evidence-required,not-established,repository-baseline:100644:945439f346a291722f8f0883e3c3c789d3c0463c,not-established,not-authorized,review-required
mobile/android/build.gradle,85a5dda2db064a156ce4416dd5c9f48dfa16a926,evidence-required,not-established,repository-baseline:100644:945439f346a291722f8f0883e3c3c789d3c0463c,not-established,not-authorized,review-required
mobile/android/capacitor.settings.gradle,9a5fa872e75f3ac9cb82951943ec4ce0ba50005e,evidence-required,not-established,repository-baseline:100644:945439f346a291722f8f0883e3c3c789d3c0463c,not-established,not-authorized,review-required
mobile/android/gradle.properties,2e87c52f83c298527b1d1c747d496227dc0c6e71,evidence-required,not-established,repository-baseline:100644:945439f346a291722f8f0883e3c3c789d3c0463c,not-established,not-authorized,review-required
mobile/android/gradle/wrapper/gradle-wrapper.jar,033e24c4cdf41af1ab109bc7f253b2b887023340,evidence-required,not-established,repository-baseline:100644:945439f346a291722f8f0883e3c3c789d3c0463c,not-established,not-authorized,review-required
mobile/android/gradle/wrapper/gradle-wrapper.properties,c747538fb38b53a877ffe8d2fe0faa0b28dc864f,evidence-required,not-established,repository-baseline:100644:945439f346a291722f8f0883e3c3c789d3c0463c,not-established,not-authorized,review-required
mobile/android/gradlew,fcb6fca147c0cd248611f3d67b8d74b470402795,evidence-required,not-established,repository-baseline:100755:945439f346a291722f8f0883e3c3c789d3c0463c,not-established,not-authorized,review-required
mobile/android/gradlew.bat,6689b85beecde676054c39c2408085f41e6be6dc,evidence-required,not-established,repository-baseline:100644:945439f346a291722f8f0883e3c3c789d3c0463c,not-established,not-authorized,review-required
mobile/android/settings.gradle,3b4431d7724bd82d1aeb2ce59e7a0504b8869f81,evidence-required,not-established,repository-baseline:100644:945439f346a291722f8f0883e3c3c789d3c0463c,not-established,not-authorized,review-required
mobile/android/variables.gradle,8ef305d0d2144f29347e5ae39da97abc197e3888,evidence-required,not-established,repository-baseline:100644:945439f346a291722f8f0883e3c3c789d3c0463c,not-established,not-authorized,review-required
mobile/capacitor.config.ts,89831e6efa99c8e52d51039ea698fe973ea239cd,evidence-required,not-established,repository-baseline:100644:945439f346a291722f8f0883e3c3c789d3c0463c,not-established,not-authorized,review-required
mobile/ios/.gitignore,f47029973b442a32c7ce8a83195f29d70661f124,evidence-required,not-established,repository-baseline:100644:945439f346a291722f8f0883e3c3c789d3c0463c,not-established,not-authorized,review-required
mobile/ios/App/App.xcodeproj/project.pbxproj,aae5815c153893c62c10f1f33fe3b33c66c5f8ba,evidence-required,not-established,repository-baseline:100644:945439f346a291722f8f0883e3c3c789d3c0463c,not-established,not-authorized,review-required
mobile/ios/App/App.xcworkspace/xcshareddata/IDEWorkspaceChecks.plist,18d981003d68d0546c4804ac2ff47dd97c6e7921,evidence-required,not-established,repository-baseline:100644:945439f346a291722f8f0883e3c3c789d3c0463c,not-established,not-authorized,review-required
mobile/ios/App/App/AppDelegate.swift,c3cd83b5c0a62be3fc56a7909aedc70ccf6a92c0,evidence-required,not-established,repository-baseline:100644:945439f346a291722f8f0883e3c3c789d3c0463c,not-established,not-authorized,review-required
mobile/ios/App/App/Assets.xcassets/AppIcon.appiconset/AppIcon-512@2x.png,8cabe5498d339a559a2539ceecfe377f5babe445,evidence-required,not-established,repository-baseline:100644:945439f346a291722f8f0883e3c3c789d3c0463c,not-established,not-authorized,review-required
mobile/ios/App/App/Assets.xcassets/AppIcon.appiconset/Contents.json,9b7d382dcecca887eac19d7f1c4c8dc57abe00e4,evidence-required,not-established,repository-baseline:100644:945439f346a291722f8f0883e3c3c789d3c0463c,not-established,not-authorized,review-required
mobile/ios/App/App/Assets.xcassets/Contents.json,da4a164c918651cdd1e11dca5cc62c333f097601,evidence-required,not-established,repository-baseline:100644:945439f346a291722f8f0883e3c3c789d3c0463c,not-established,not-authorized,review-required
mobile/ios/App/App/Assets.xcassets/Splash.imageset/Contents.json,d7d96a67c0d764a2ddfc9545441c627e6d5fa1fc,evidence-required,not-established,repository-baseline:100644:945439f346a291722f8f0883e3c3c789d3c0463c,not-established,not-authorized,review-required
mobile/ios/App/App/Assets.xcassets/Splash.imageset/splash-2732x2732-1.png,33ea6c970f2df1db62a624a55e5bbcc4ee07bbdf,evidence-required,not-established,repository-baseline:100644:945439f346a291722f8f0883e3c3c789d3c0463c,not-established,not-authorized,review-required
mobile/ios/App/App/Assets.xcassets/Splash.imageset/splash-2732x2732-2.png,33ea6c970f2df1db62a624a55e5bbcc4ee07bbdf,evidence-required,not-established,repository-baseline:100644:945439f346a291722f8f0883e3c3c789d3c0463c,not-established,not-authorized,review-required
mobile/ios/App/App/Assets.xcassets/Splash.imageset/splash-2732x2732.png,33ea6c970f2df1db62a624a55e5bbcc4ee07bbdf,evidence-required,not-established,repository-baseline:100644:945439f346a291722f8f0883e3c3c789d3c0463c,not-established,not-authorized,review-required
mobile/ios/App/App/Base.lproj/LaunchScreen.storyboard,e7ae5d7802c067edcd71596688fa7b059de8a262,evidence-required,not-established,repository-baseline:100644:945439f346a291722f8f0883e3c3c789d3c0463c,not-established,not-authorized,review-required
mobile/ios/App/App/Base.lproj/Main.storyboard,b44df7be8f82acfcd747fd8d77fcd7a87b788f6f,evidence-required,not-established,repository-baseline:100644:945439f346a291722f8f0883e3c3c789d3c0463c,not-established,not-authorized,review-required
mobile/ios/App/App/Info.plist,36e80d5baff8169578b081612f2279a02be4dd6d,evidence-required,not-established,repository-baseline:100644:945439f346a291722f8f0883e3c3c789d3c0463c,not-established,not-authorized,review-required
mobile/ios/App/Podfile,c66ecd4026af7bbdb24d18f584799eb0fa5c6423,evidence-required,not-established,repository-baseline:100644:945439f346a291722f8f0883e3c3c789d3c0463c,not-established,not-authorized,review-required
mobile/package-lock.json,b864968326e6f46c94c893353aa245e06ad181d2,evidence-required,not-established,repository-baseline:100644:945439f346a291722f8f0883e3c3c789d3c0463c,not-established,not-authorized,review-required
mobile/package.json,59cb33d89511999a886b8f0745f46c0efd3367ea,evidence-required,not-established,repository-baseline:100644:945439f346a291722f8f0883e3c3c789d3c0463c,not-established,not-authorized,review-required
mobile/scripts/gen_icons.py,c19acfac22e3f8410aacaaa7d50fc313956a9728,evidence-required,not-established,repository-baseline:100644:945439f346a291722f8f0883e3c3c789d3c0463c,not-established,not-authorized,review-required
mobile/www/index.html,a0833b463abf7435b1a9f5888815f2e9cdf7027e,evidence-required,not-established,repository-baseline:100644:945439f346a291722f8f0883e3c3c789d3c0463c,not-established,not-authorized,review-required
scripts/quickstart.sh,e774ee15158f2f29b6c911b5dc3c5c69e75ce9da,evidence-required,not-established,repository-baseline:100755:945439f346a291722f8f0883e3c3c789d3c0463c,not-established,not-authorized,review-required
scripts/safe_deploy.sh,dbefb63c6a8d3dbf7e64a522b1aa4bab5609943f,evidence-required,not-established,repository-baseline:100755:945439f346a291722f8f0883e3c3c789d3c0463c,not-established,not-authorized,review-required
server/Dockerfile,5f83de35c00d8d2aa05d2f2263dbe0c9c3bb0d69,evidence-required,not-established,repository-baseline:100644:945439f346a291722f8f0883e3c3c789d3c0463c,not-established,not-authorized,review-required
server/app/__init__.py,e69de29bb2d1d6434b8b29ae775ad8c2e48c5391,evidence-required,not-established,repository-baseline:100644:945439f346a291722f8f0883e3c3c789d3c0463c,not-established,not-authorized,review-required
server/app/accounts.py,16d4ccb3e1dbab405cd906f178a0931a36818f42,evidence-required,not-established,repository-baseline:100644:945439f346a291722f8f0883e3c3c789d3c0463c,not-established,not-authorized,review-required
server/app/admin.py,9a91a3d6daa9bc47be9011ff47148af7f2797a91,evidence-required,not-established,repository-baseline:100644:945439f346a291722f8f0883e3c3c789d3c0463c,not-established,not-authorized,review-required
server/app/config.py,1a7455793e344310bd3425ad1e79505b56543c3b,evidence-required,not-established,repository-baseline:100644:945439f346a291722f8f0883e3c3c789d3c0463c,not-established,not-authorized,review-required
server/app/credits.py,53e8b0d78b766463b12794e211b9a2b069289b65,evidence-required,not-established,repository-baseline:100644:945439f346a291722f8f0883e3c3c789d3c0463c,not-established,not-authorized,review-required
server/app/currency.py,20156ad00664d2ef026655634f453209742b84a9,evidence-required,not-established,repository-baseline:100644:945439f346a291722f8f0883e3c3c789d3c0463c,not-established,not-authorized,review-required
server/app/db.py,9fd7daefcd78a96f3849266be740072407aaab2c,evidence-required,not-established,repository-baseline:100644:945439f346a291722f8f0883e3c3c789d3c0463c,not-established,not-authorized,review-required
server/app/desktop_updates.py,86fdef49ea56bc560d155ac97869eb37de4726a2,evidence-required,not-established,repository-baseline:100644:945439f346a291722f8f0883e3c3c789d3c0463c,not-established,not-authorized,review-required
server/app/device_auth.py,47b09314c600342a4c5fe5ad1394a16603609623,evidence-required,not-established,repository-baseline:100644:945439f346a291722f8f0883e3c3c789d3c0463c,not-established,not-authorized,review-required
server/app/gateway.py,78bc8c3f5423fdf29bfc65a3d166023a9a2031a8,evidence-required,not-established,repository-baseline:100644:945439f346a291722f8f0883e3c3c789d3c0463c,not-established,not-authorized,review-required
server/app/github_stars.py,6cd02ce884994eb90f71beb18d2116f1c117e3e6,evidence-required,not-established,repository-baseline:100644:945439f346a291722f8f0883e3c3c789d3c0463c,not-established,not-authorized,review-required
server/app/i18n.py,d9a7d3f3eafefa88fb69bd3241159e4d48416e50,evidence-required,not-established,repository-baseline:100644:945439f346a291722f8f0883e3c3c789d3c0463c,not-established,not-authorized,review-required
server/app/main.py,cd9bccb23d99ff7069de6803a2d70c02db4c297b,evidence-required,not-established,repository-baseline:100644:945439f346a291722f8f0883e3c3c789d3c0463c,not-established,not-authorized,review-required
server/app/model_catalog.py,8822c05b0fb9f867f1b49d1abab4fd6f6a197f94,evidence-required,not-established,repository-baseline:100644:945439f346a291722f8f0883e3c3c789d3c0463c,not-established,not-authorized,review-required
server/app/oauth.py,9289a992b7a1577155e655b824e78f0fae2c8530,evidence-required,not-established,repository-baseline:100644:945439f346a291722f8f0883e3c3c789d3c0463c,not-established,not-authorized,review-required
server/app/payments/__init__.py,e69de29bb2d1d6434b8b29ae775ad8c2e48c5391,evidence-required,not-established,repository-baseline:100644:945439f346a291722f8f0883e3c3c789d3c0463c,not-established,not-authorized,review-required
server/app/payments/alipay_provider.py,654fd8c8d3b9a7324ec186d277473b85a7306650,evidence-required,not-established,repository-baseline:100644:945439f346a291722f8f0883e3c3c789d3c0463c,not-established,not-authorized,review-required
server/app/payments/api.py,d27a3e491276c2a7be6f3979eb3d82110b815db8,evidence-required,not-established,repository-baseline:100644:945439f346a291722f8f0883e3c3c789d3c0463c,not-established,not-authorized,review-required
server/app/payments/base.py,23fef31994a8b1dc54a96f0916653318dbdc4540,evidence-required,not-established,repository-baseline:100644:945439f346a291722f8f0883e3c3c789d3c0463c,not-established,not-authorized,review-required
server/app/payments/stripe_provider.py,cfdfbf6797a5d1446b4f1e66e7380cb6c3035998,evidence-required,not-established,repository-baseline:100644:945439f346a291722f8f0883e3c3c789d3c0463c,not-established,not-authorized,review-required
server/app/payments/waffo_provider.py,a83430fa3d2ddadcd1c773fce3538c5d58a64959,evidence-required,not-established,repository-baseline:100644:945439f346a291722f8f0883e3c3c789d3c0463c,not-established,not-authorized,review-required
server/app/payments/wechatpay_provider.py,868251cb3722ebb87cab67995dda6a07cf7ce984,evidence-required,not-established,repository-baseline:100644:945439f346a291722f8f0883e3c3c789d3c0463c,not-established,not-authorized,review-required
server/app/plans.py,3c2386d8b7453599afe5f534a8ba7a6e47eb3a5a,evidence-required,not-established,repository-baseline:100644:945439f346a291722f8f0883e3c3c789d3c0463c,not-established,not-authorized,review-required
server/app/rate_limit.py,c1f176e6c97b2adeec47bab4faec1c493a2fd8be,evidence-required,not-established,repository-baseline:100644:945439f346a291722f8f0883e3c3c789d3c0463c,not-established,not-authorized,review-required
server/app/release_throttle.py,9e35d919e893dd521b41e6e21c2ff5d68f070b8a,evidence-required,not-established,repository-baseline:100644:945439f346a291722f8f0883e3c3c789d3c0463c,not-established,not-authorized,review-required
server/app/security.py,162eebd9ab16f18a59b86cbcb66ebc5e563894d0,evidence-required,not-established,repository-baseline:100644:945439f346a291722f8f0883e3c3c789d3c0463c,not-established,not-authorized,review-required
server/app/static/app.css,f65a81b46420ca53f846ed75b6c6518995899f15,evidence-required,not-established,repository-baseline:100644:945439f346a291722f8f0883e3c3c789d3c0463c,not-established,not-authorized,review-required
server/app/static/app.js,eda41623f6ad8730947065a39a6b17548ccfafa4,evidence-required,not-established,repository-baseline:100644:945439f346a291722f8f0883e3c3c789d3c0463c,not-established,not-authorized,review-required
server/app/static/hero-waves.js,a06301cae2daf1c93611d42f1f664bdc8687adcd,evidence-required,not-established,repository-baseline:100644:945439f346a291722f8f0883e3c3c789d3c0463c,not-established,not-authorized,review-required
server/app/static/img/desktop-preview.png,92b5aad47ac4629911996f39b223fd9d1851d9e3,evidence-required,not-established,repository-baseline:100644:945439f346a291722f8f0883e3c3c789d3c0463c,not-established,not-authorized,review-required
server/app/static/pwa/icon-180.png,351a4a9645deb8b5b82bd248e0385a07c901d797,evidence-required,not-established,repository-baseline:100644:945439f346a291722f8f0883e3c3c789d3c0463c,not-established,not-authorized,review-required
server/app/static/pwa/icon-192.png,0ed6f552afb9cf5a0c92bacc4c82eb171c0c7d73,evidence-required,not-established,repository-baseline:100644:945439f346a291722f8f0883e3c3c789d3c0463c,not-established,not-authorized,review-required
server/app/static/pwa/icon-512.png,408b651639e7f39dbf134fb3c6bc5a81f7b086f5,evidence-required,not-established,repository-baseline:100644:945439f346a291722f8f0883e3c3c789d3c0463c,not-established,not-authorized,review-required
server/app/static/pwa/icon-maskable-512.png,1338b208734c176ee1e7c5e31f4bbdc1513ab36c,evidence-required,not-established,repository-baseline:100644:945439f346a291722f8f0883e3c3c789d3c0463c,not-established,not-authorized,review-required
server/app/static/pwa/manifest.webmanifest,8b22182c2a71051a170f2efe23399e9d9d5fa89f,evidence-required,not-established,repository-baseline:100644:945439f346a291722f8f0883e3c3c789d3c0463c,not-established,not-authorized,review-required
server/app/static/pwa/mobile.css,64cf6e0661693b0ad1ef45bcb5398682c578dbb1,evidence-required,not-established,repository-baseline:100644:945439f346a291722f8f0883e3c3c789d3c0463c,not-established,not-authorized,review-required
server/app/static/pwa/sw.js,6bacbb964e34ae925b55283bb1238500c0b79cb1,evidence-required,not-established,repository-baseline:100644:945439f346a291722f8f0883e3c3c789d3c0463c,not-established,not-authorized,review-required
server/app/static/pwa/workspace-chrome.css,e8b5ff3983e1a2cbbe0b464e78d270031cd51fde,evidence-required,not-established,repository-baseline:100644:945439f346a291722f8f0883e3c3c789d3c0463c,not-established,not-authorized,review-required
server/app/static/pwa/workspace-chrome.js,a26009525f0d7bee61708821762c9ff5355e6fd5,evidence-required,not-established,repository-baseline:100644:945439f346a291722f8f0883e3c3c789d3c0463c,not-established,not-authorized,review-required
server/app/static/qr.js,b0d3c359bcfb833f1818098b9366e41bc561cd8c,evidence-required,not-established,repository-baseline:100644:945439f346a291722f8f0883e3c3c789d3c0463c,not-established,not-authorized,review-required
server/app/teams.py,b3d23f5171b3af2e75f429081f348804fb6f99cb,evidence-required,not-established,repository-baseline:100644:945439f346a291722f8f0883e3c3c789d3c0463c,not-established,not-authorized,review-required
server/app/templates/activate.html,fb572786bf34e200a86b4ddbc23c64f3b5a67c39,evidence-required,not-established,repository-baseline:100644:945439f346a291722f8f0883e3c3c789d3c0463c,not-established,not-authorized,review-required
server/app/templates/admin.html,8f944ea59471350b0282f54900708442c051d00c,evidence-required,not-established,repository-baseline:100644:945439f346a291722f8f0883e3c3c789d3c0463c,not-established,not-authorized,review-required
server/app/templates/base.html,82308244054fc87288cb8d7f238877a09b23fa58,evidence-required,not-established,repository-baseline:100644:945439f346a291722f8f0883e3c3c789d3c0463c,not-established,not-authorized,review-required
server/app/templates/console.html,943a0b1583bbfea14b03fe2e3b2d3900af97e7de,evidence-required,not-established,repository-baseline:100644:945439f346a291722f8f0883e3c3c789d3c0463c,not-established,not-authorized,review-required
server/app/templates/download.html,2440709f2e46740def2b7f0c21d30862c2a7adbb,evidence-required,not-established,repository-baseline:100644:945439f346a291722f8f0883e3c3c789d3c0463c,not-established,not-authorized,review-required
server/app/templates/index.html,4ff248bf3e2c24b1635646b5839b2824b9702214,evidence-required,not-established,repository-baseline:100644:945439f346a291722f8f0883e3c3c789d3c0463c,not-established,not-authorized,review-required
server/app/templates/legal.html,3b4bbb13c89c83abf25c53fed7e7e2f33b5f7fb1,evidence-required,not-established,repository-baseline:100644:945439f346a291722f8f0883e3c3c789d3c0463c,not-established,not-authorized,review-required
server/app/templates/login.html,8af5fb2f654b6cff03efda3908027f7e4e4fae4f,evidence-required,not-established,repository-baseline:100644:945439f346a291722f8f0883e3c3c789d3c0463c,not-established,not-authorized,review-required
server/app/templates/orders.html,4b00f357de668e2e4354b2f3a3fdfda9aec57f85,evidence-required,not-established,repository-baseline:100644:945439f346a291722f8f0883e3c3c789d3c0463c,not-established,not-authorized,review-required
server/app/templates/pricing.html,4b3b8a1e91c4e5ef5dc83b8ed62af280f9a76487,evidence-required,not-established,repository-baseline:100644:945439f346a291722f8f0883e3c3c789d3c0463c,not-established,not-authorized,review-required
server/app/templates/product.html,9f82d72256b308f6a6b9444c064d6b2b842020f4,evidence-required,not-established,repository-baseline:100644:945439f346a291722f8f0883e3c3c789d3c0463c,not-established,not-authorized,review-required
server/app/templates/resources.html,3924e7e194b47d228f6ea9e1959b891074f926ce,evidence-required,not-established,repository-baseline:100644:945439f346a291722f8f0883e3c3c789d3c0463c,not-established,not-authorized,review-required
server/app/templates/solutions.html,ec3f965cf8cef57f2c6ad6d5dd925820034477dc,evidence-required,not-established,repository-baseline:100644:945439f346a291722f8f0883e3c3c789d3c0463c,not-established,not-authorized,review-required
server/app/templates/team.html,addffdaaa9d519605a1a97b5220f882a592137b1,evidence-required,not-established,repository-baseline:100644:945439f346a291722f8f0883e3c3c789d3c0463c,not-established,not-authorized,review-required
server/app/templates/works.html,3526f416cc4f1a2dbb3af90598b40d67bdd1c9e2,evidence-required,not-established,repository-baseline:100644:945439f346a291722f8f0883e3c3c789d3c0463c,not-established,not-authorized,review-required
server/app/webpages.py,23b6c63fd6da9ffcff0dc4b5d2dbacbc038f3a8e,evidence-required,not-established,repository-baseline:100644:945439f346a291722f8f0883e3c3c789d3c0463c,not-established,not-authorized,review-required
server/app/work_access.py,5d2e548808eef4c2b0c72779411417a305a78689,evidence-required,not-established,repository-baseline:100644:945439f346a291722f8f0883e3c3c789d3c0463c,not-established,not-authorized,review-required
server/app/workbackend.py,98917756c6cf44e4982199f2ee402e887e3eceee,evidence-required,not-established,repository-baseline:100644:945439f346a291722f8f0883e3c3c789d3c0463c,not-established,not-authorized,review-required
server/app/workspace.py,060ccf5aa5ac82eda1b086f534d6156a94e95608,evidence-required,not-established,repository-baseline:100644:945439f346a291722f8f0883e3c3c789d3c0463c,not-established,not-authorized,review-required
server/app/zhipu_search.py,93804e4cd2e39fa5ed79535d5ff594b25a2c769f,evidence-required,not-established,repository-baseline:100644:945439f346a291722f8f0883e3c3c789d3c0463c,not-established,not-authorized,review-required
server/config/i18n/en.json,a4163c04b2e48290324acd29b5551e44e8cf96b4,evidence-required,not-established,repository-baseline:100644:945439f346a291722f8f0883e3c3c789d3c0463c,not-established,not-authorized,review-required
server/config/i18n/zh.json,2d47aca7759b4a0870f54837734a4d3935e916ef,evidence-required,not-established,repository-baseline:100644:945439f346a291722f8f0883e3c3c789d3c0463c,not-established,not-authorized,review-required
server/config/models.curated.txt,1d030202688b79bc94528393919259f008feca76,evidence-required,not-established,repository-baseline:100644:945439f346a291722f8f0883e3c3c789d3c0463c,not-established,not-authorized,review-required
server/config/models.json,0fc7237f728ecfcd906600617fb62a9122582286,evidence-required,not-established,repository-baseline:100644:945439f346a291722f8f0883e3c3c789d3c0463c,not-established,not-authorized,review-required
server/config/pricing.cny.json,b507ac7b772db3d24c2d2e2a049e6b1066ee0ba2,evidence-required,not-established,repository-baseline:100644:945439f346a291722f8f0883e3c3c789d3c0463c,not-established,not-authorized,review-required
server/config/pricing.eur.json,ea391363b80b65997b442a31c8b3f4a8d91a4595,evidence-required,not-established,repository-baseline:100644:945439f346a291722f8f0883e3c3c789d3c0463c,not-established,not-authorized,review-required
server/config/pricing.gbp.json,608f76c3da6bc55759590059c732ec29020c6de1,evidence-required,not-established,repository-baseline:100644:945439f346a291722f8f0883e3c3c789d3c0463c,not-established,not-authorized,review-required
server/config/pricing.hkd.json,e3e5e6a5a9ca7d56b957db2fe417292ccf169fea,evidence-required,not-established,repository-baseline:100644:945439f346a291722f8f0883e3c3c789d3c0463c,not-established,not-authorized,review-required
server/config/pricing.jpy.json,8255f7fec44627d87ca94367e771c643e40b19b7,evidence-required,not-established,repository-baseline:100644:945439f346a291722f8f0883e3c3c789d3c0463c,not-established,not-authorized,review-required
server/config/pricing.usd.json,e3de28c62ed39eac1a17e9d9233c1bde250c974b,evidence-required,not-established,repository-baseline:100644:945439f346a291722f8f0883e3c3c789d3c0463c,not-established,not-authorized,review-required
server/pyproject.toml,c6cba1fc1332bb6eb5c2eeecd857981006140de5,evidence-required,not-established,repository-baseline:100644:945439f346a291722f8f0883e3c3c789d3c0463c,not-established,not-authorized,review-required
server/scripts/eci_image_cache.py,447f683478da1e67d2424ccea4c35da4af3d0429,evidence-required,not-established,repository-baseline:100644:945439f346a291722f8f0883e3c3c789d3c0463c,not-established,not-authorized,review-required
server/scripts/gen_models.py,07ec10029b5dcc2ed8251de1db1c4a8a62349016,evidence-required,not-established,repository-baseline:100644:945439f346a291722f8f0883e3c3c789d3c0463c,not-established,not-authorized,review-required
server/scripts/gen_pricing.py,ae97c97c484d3f9a33240ef1e4d562f07453ce4d,evidence-required,not-established,repository-baseline:100644:945439f346a291722f8f0883e3c3c789d3c0463c,not-established,not-authorized,review-required
server/scripts/migrate_sqlite_to_pg.py,b3fea7b86851ccce069f0867bc97ec966309da56,evidence-required,not-established,repository-baseline:100644:945439f346a291722f8f0883e3c3c789d3c0463c,not-established,not-authorized,review-required
server/scripts/waffo_retire_products.py,9e6d5585109acae3551eade5f7c679e911f2c469,evidence-required,not-established,repository-baseline:100644:945439f346a291722f8f0883e3c3c789d3c0463c,not-established,not-authorized,review-required
server/scripts/waffo_sync_catalog.py,51b66a215b43d311a3e3f13e93a92e3a8d930fbe,evidence-required,not-established,repository-baseline:100644:945439f346a291722f8f0883e3c3c789d3c0463c,not-established,not-authorized,review-required
server/tests/__init__.py,e69de29bb2d1d6434b8b29ae775ad8c2e48c5391,evidence-required,not-established,repository-baseline:100644:945439f346a291722f8f0883e3c3c789d3c0463c,not-established,not-authorized,review-required
server/tests/_signup.py,39ed263440c439bb791dd1d09d77c9bb18fd62b4,evidence-required,not-established,repository-baseline:100644:945439f346a291722f8f0883e3c3c789d3c0463c,not-established,not-authorized,review-required
server/tests/js/sidebar_tap.test.mjs,adee0f41ba3dd89801dd8c24f32a42a89247fd86,evidence-required,not-established,repository-baseline:100644:945439f346a291722f8f0883e3c3c789d3c0463c,not-established,not-authorized,review-required
server/tests/test_api_keys.py,8085197e632bc3628d189463027090da05590427,evidence-required,not-established,repository-baseline:100644:945439f346a291722f8f0883e3c3c789d3c0463c,not-established,not-authorized,review-required
server/tests/test_core.py,dcd2bce12532e309ff2112ff263fdc593bdbcc82,evidence-required,not-established,repository-baseline:100644:945439f346a291722f8f0883e3c3c789d3c0463c,not-established,not-authorized,review-required
server/tests/test_oauth.py,d4ad0c67d96a86f93de61d89e4e38c7e0cc3ecc2,evidence-required,not-established,repository-baseline:100644:945439f346a291722f8f0883e3c3c789d3c0463c,not-established,not-authorized,review-required
server/tests/test_payments.py,942fd2ff34169bfa87f1181b578b146fa5ecdc90,evidence-required,not-established,repository-baseline:100644:945439f346a291722f8f0883e3c3c789d3c0463c,not-established,not-authorized,review-required
server/tests/test_pricing_tables.py,1d3af528bfb33b375aea7150bb7e1e182ec91e0e,evidence-required,not-established,repository-baseline:100644:945439f346a291722f8f0883e3c3c789d3c0463c,not-established,not-authorized,review-required
server/tests/test_site_copy.py,1be303a72d6a0572468f1b8367aa54617d5dcf33,evidence-required,not-established,repository-baseline:100644:945439f346a291722f8f0883e3c3c789d3c0463c,not-established,not-authorized,review-required
server/tests/test_teams.py,ff99beb7866f119bef602b0cdf1e85ba0561d802,evidence-required,not-established,repository-baseline:100644:945439f346a291722f8f0883e3c3c789d3c0463c,not-established,not-authorized,review-required
server/tests/test_waffo.py,2fa325170e236c0fea843dfbcf4ab71cd8035c27,evidence-required,not-established,repository-baseline:100644:945439f346a291722f8f0883e3c3c789d3c0463c,not-established,not-authorized,review-required
server/tests/test_webpages.py,7ae1b5af78783b002f48b1237b7c9ea787115c58,evidence-required,not-established,repository-baseline:100644:945439f346a291722f8f0883e3c3c789d3c0463c,not-established,not-authorized,review-required
server/tests/test_work_access.py,6244d140402ab7fcd96aed07bc9fb0d99df88252,evidence-required,not-established,repository-baseline:100644:945439f346a291722f8f0883e3c3c789d3c0463c,not-established,not-authorized,review-required
server/tests/test_work_eci.py,6abc6b2d135219897f1336d07c8a08a567251fff,evidence-required,not-established,repository-baseline:100644:945439f346a291722f8f0883e3c3c789d3c0463c,not-established,not-authorized,review-required
server/tests/test_workspace.py,d266575a02eb22db4097564baaa48a59f97b9d0f,evidence-required,not-established,repository-baseline:100644:945439f346a291722f8f0883e3c3c789d3c0463c,not-established,not-authorized,review-required
server/tests/test_zhipu_search.py,364dc95dac279553ac18b508c2ee76cd1899c474,evidence-required,not-established,repository-baseline:100644:945439f346a291722f8f0883e3c3c789d3c0463c,not-established,not-authorized,review-required
